"Grad.Year","Major1","Major2","Major3","Minor1","Minor2","Minor3"
2013,"HEA",NA,NA,"HEAPR","SPA",NA
2013,"PSY",NA,NA,"COA",NA,NA
2013,"POE",NA,NA,"HIS",NA,NA
2013,"POE",NA,NA,"",NA,NA
2013,"BUS",NA,NA,"PSY","VSTDY",NA
2013,"BIO","PSY",NA,"ED10","ELIT",NA
2013,"BUS",NA,NA,"BIO",NA,NA
2013,"EDIND",NA,NA,"MUS","EDLIT",NA
2013,"HIS",NA,NA,"IJOUR","CLA",NA
2013,"BUS",NA,NA,"SPA",NA,NA
2013,"ART","SPA",NA,"",NA,NA
2013,"EDIND",NA,NA,"REL","EDLIT",NA
2013,"PSY",NA,NA,"HUBIO",NA,NA
2013,"ENG",NA,NA,"",NA,NA
2013,"BUS",NA,NA,"LSP",NA,NA
2013,"BUS",NA,NA,"",NA,NA
2013,"MATPH",NA,NA,"CSC",NA,NA
2013,"MAT",NA,NA,"SPA","PSY","BUS"
2013,"BUS",NA,NA,"HIS","NATSC","ARTDE"
2013,"ATH",NA,NA,"MUS","HUBIO","HUSVC"
2013,"MUS",NA,NA,"GRAPH",NA,NA
2013,"ELIT",NA,NA,"",NA,NA
2013,"BIO",NA,NA,"SPA","ATH","HEAPR"
2013,"MAPHD",NA,NA,"MUS",NA,NA
2013,"ATH",NA,NA,"EDS","ESL",NA
2013,"ENVST",NA,NA,"SPA","NATSK",NA
2013,"NURSE",NA,NA,"",NA,NA
2013,"ENVST",NA,NA,"LSP10",NA,NA
2013,"MATPH","CHE",NA,"EDIND","ED10",NA
2013,"BIO",NA,NA,"PSY","SPA","HEAPR"
2013,"BIO",NA,NA,"ELIT",NA,NA
2014,"BUS","PSY",NA,"PHI","HUBIO",NA
2014,"PHE",NA,NA,"COA",NA,NA
2014,"POE",NA,NA,"",NA,NA
2014,"BUS",NA,NA,"SPA","PSY","NATSC"
2014,"PSY",NA,NA,"HIS",NA,NA
2014,"BUS",NA,NA,"HIS","REL","NATSC"
2014,"MAT",NA,NA,"MUS","HIS","BUS"
2014,"PEX",NA,NA,"COA",NA,NA
2014,"EDIND",NA,NA,"REL","PSY",NA
2014,"HIS","IPE",NA,"",NA,NA
2014,"BUS",NA,NA,"CRW",NA,NA
2014,"BUS",NA,NA,"CRW","PSY","NATSC"
2014,"PSY",NA,NA,"CHE",NA,NA
2014,"BIO",NA,NA,"SPA","PSY","HEAPR"
2014,"EDIND",NA,NA,"CRIJU","RED",NA
2014,"BIO",NA,NA,"PSY","CHEAN","ENHUM"
2014,"HIS",NA,NA,"BIO","ELIT",NA
2014,"HIS",NA,NA,"BRITS","NATSC","HUSVC"
2014,"BIO",NA,NA,"SPA","HEAPR","POEC"
2013,"BIO","MUS",NA,"HEAPR","ATH",NA
2013,"ACCT",NA,NA,"ARTDE","PSY","NATSC"
2013,"ELIT",NA,NA,"BIO","JOURN","BRITS"
2013,"PSY","SPA",NA,"HUSVC","PEEDU",NA
2013,"HEA",NA,NA,"ARTDE","PSY","HUSVC"
2013,"BUS","SPA",NA,"LAS","NATSC",NA
2013,"MATPH",NA,NA,"VSTDY","CSC","ARTDE"
2013,"CHE",NA,NA,"CRIJU","POEC","HEAPR"
2013,"PHE",NA,NA,"COA",NA,NA
2013,"HEA",NA,NA,"ARTDE","BUS","HEAPR"
2013,"HEA",NA,NA,"PSY","HEAPR","REL"
2013,"PEX",NA,NA,"PSY","BUS","ARTDE"
2013,"IPE",NA,NA,"FRE","PEEDU","SPERH"
2013,"ART",NA,NA,"VSTDY","IJOUR","NATSC"
2013,"ELIT",NA,NA,"BRITS","NATSC","JOURN"
2013,"ENVST",NA,NA,"BUS",NA,NA
2013,"ATH",NA,NA,"SPA","POEC","NATSC"
2013,"MATPH",NA,NA,"PHY",NA,NA
2013,"PEX",NA,NA,"COA",NA,NA
2013,"BUS",NA,NA,"ATH","CRW","HEALT"
2013,"MAPHD","MUS",NA,"",NA,NA
2013,"HEA","PSY",NA,"REL","HEAPR",NA
2013,"MUS",NA,NA,"PSY","HEALT","MUSPE"
2013,"PEX",NA,NA,"REL","HIS","LSP10"
2013,"PEX",NA,NA,"PSY","COA",NA
2013,"BIO",NA,NA,"ARTDE","CLA","NATSK"
2013,"POE",NA,NA,"POLAW","IJOUR","NATSC"
2013,"HIS",NA,NA,"IJOUR","NATSC",NA
2013,"ART",NA,NA,"JOURN","HUBIO","VSTDY"
2013,"BUS",NA,NA,"POEC",NA,NA
2013,"BIO",NA,NA,"HIS","HEAPR",NA
2013,"ENVST",NA,NA,"HUSVC",NA,NA
2013,"CHE","MATPH",NA,"REL","HIS","LSP"
2013,"CHE","BIO",NA,"",NA,NA
2013,"POE",NA,NA,"NATSC","POLAW","ARTHS"
2013,"BUS",NA,NA,"AIS","HIS","NATSC"
2013,"POE",NA,NA,"MUS","NATSC","POLAW"
2013,"CRW",NA,NA,"JOURN","ATH","NATSC"
2013,"MUSCT","ENVST",NA,"NATSK",NA,NA
2013,"BIO","ENVST",NA,"LSP10",NA,NA
2013,"BUS",NA,NA,"ARTDE","PSY","NATSC"
2013,"EDIND",NA,NA,"ELIT",NA,NA
2013,"ACCT","MAT",NA,"PHI","POEC",NA
2013,"PSY",NA,NA,"HUSVC",NA,NA
2013,"BIO",NA,NA,"PSY","MUS","HEAPR"
2013,"BIO",NA,NA,"REL","CLA","HEAPR"
2013,"CHE",NA,NA,"BIO","REL","PSY"
2013,"EDIND",NA,NA,"",NA,NA
2013,"BUS",NA,NA,"NATSC","CRIJU","ARTHS"
2013,"PSY",NA,NA,"IJOUR","HUBIO",NA
2013,"BUS",NA,NA,"POEC",NA,NA
2013,"HIS",NA,NA,"ED10","NATSC","SPA"
2013,"BIO",NA,NA,"HIS","PHI","CHEAN"
2013,"PEX",NA,NA,"HEAPR",NA,NA
2013,"POE",NA,NA,"BIO","POLAW","CRIJU"
2013,"PEX",NA,NA,"REL","PSY","HEAPR"
2013,"BUS",NA,NA,"CRIJU","HUBIO","ARTDE"
2013,"PEX",NA,NA,"SPA","PSY","HEAPR"
2013,"CHE",NA,NA,"",NA,NA
2013,"THE",NA,NA,"LSP10","HIS",NA
2013,"PSY",NA,NA,"LSP10","REL",NA
2013,"CHE",NA,NA,"PSY","IJOUR",NA
2013,"BUS",NA,NA,"SPA",NA,NA
2013,"HEA",NA,NA,"SPA","HEAPR",NA
2013,"BIO",NA,NA,"PSY","HEAPR","SPA"
2013,"BIO","ENVST",NA,"HUSVC",NA,NA
2013,"ATH",NA,NA,"SPA","NATSC","HUSVC"
2013,"IPE",NA,NA,"SPA","POLAW","NATSC"
2013,"POE","SPA",NA,"POLAW","NATSC",NA
2013,"MATPH",NA,NA,"CLA","PHI","HEAPR"
2013,"ACCT",NA,NA,"",NA,NA
2013,"HIS",NA,NA,"",NA,NA
2013,"ART",NA,NA,"VSTDY","JOURN","NATSC"
2013,"BIO",NA,NA,"HIS","AIS","HEAPR"
2013,"PSY",NA,NA,"REL","HUBIO","COA"
2013,"HEA",NA,NA,"SPA","HEAPR",NA
2013,"ATH","HIS",NA,"VSTDY","NATSC","HUSVC"
2013,"EDIND",NA,NA,"PHI",NA,NA
2013,"ENVST","ART",NA,"ATH","NATSK",NA
2013,"EED",NA,NA,"AIS",NA,NA
2013,"IPE",NA,NA,"JOURN","SPA","NATSC"
2013,"BIO","ENVST",NA,"CHEAN","SPA",NA
2013,"EDIND",NA,NA,"THE",NA,NA
2013,"BIO","ELIT",NA,"HIS","HEAPR",NA
2013,"PEX",NA,NA,"SPA","POEC","COA"
2013,"BIO",NA,NA,"PSY","CRIJU","HEAPR"
2013,"PHE",NA,NA,"EDS",NA,NA
2013,"BIO","ELIT",NA,"HEAPR","CLA",NA
2013,"HEA",NA,NA,"PHI","BUS",NA
2013,"BIO",NA,NA,"CHE","HIS","REL"
2013,"PHE",NA,NA,"HIS","PHI","HUSVC"
2013,"EDIND",NA,NA,"REL",NA,NA
2013,"MATCS","MAT",NA,"SPA","PSY",NA
2013,"PEX",NA,NA,"CRW","ATH","COA"
2013,"ART",NA,NA,"ESL","HIS","HEALT"
2013,"MUS",NA,NA,"ATH","MUSPE",NA
2013,"BIO",NA,NA,"ED10","ARTDE","VSTDY"
2013,"POE","REL",NA,"NATSC","POLAW",NA
2013,"PSY",NA,NA,"ELIT","LSP10",NA
2013,"BIO",NA,NA,"SPA","PSY","HEAPR"
2013,"IPE",NA,NA,"HIS",NA,NA
2013,"HIS",NA,NA,"NATSC","EDESL","ED10"
2013,"BIO",NA,NA,"MUS","PSY","HEAPR"
2013,"HIS",NA,NA,"ELIT","HEALT","ED10"
2013,"POE",NA,NA,"AIS","MAT","BUS"
2013,"HIS",NA,NA,"HUSVC","REL","NATSC"
2013,"PSY",NA,NA,"HEALT","HUSVC","VSTDY"
2013,"EDIND",NA,NA,"PHI","ATH","NATSC"
2013,"ATH",NA,NA,"JOURN","NATSC","AIS"
2013,"PHE",NA,NA,"COA",NA,NA
2013,"IPE","ELIT",NA,"BUS","MAT",NA
2013,"HEA","SPA",NA,"HUSVC",NA,NA
2013,"BIO",NA,NA,"",NA,NA
2013,"ART",NA,NA,"ED10",NA,NA
2013,"HEA",NA,NA,"ATH","REL","HEAPR"
2013,"MATPH",NA,NA,"CRIJU","CSC","SPA"
2013,"PHE",NA,NA,"BUS","PSY","COA"
2013,"ATH",NA,NA,"REL","HUSVC","HUBIO"
2013,"ENVST",NA,NA,"LSP10",NA,NA
2013,"PSY",NA,NA,"HUSVC","PEEDU","CRIJU"
2013,"BIO",NA,NA,"SPA","PSY","HEAPR"
2013,"PEX",NA,NA,"PSY",NA,NA
2013,"IPE",NA,NA,"NATSC","POLAW","ELIT"
2013,"BUS",NA,NA,"",NA,NA
2013,"CRW",NA,NA,"NATSC","ELIT","ED10"
2013,"EDIND","SPA",NA,"NATSC","ATH",NA
2013,"BUS",NA,NA,"PEEDU","PSY",NA
2013,"MAT","POE",NA,"SPA","BUS",NA
2013,"PSY",NA,NA,"CRIJU","SPAFO","HEALT"
2013,"BUS",NA,NA,"COA","PEEDU",NA
2013,"THE","PSY",NA,"BIO","BUS","FRE"
2013,"MATCS",NA,NA,"THE","POEC",NA
2013,"HIS",NA,NA,"ED10",NA,NA
2013,"HIS",NA,NA,"BRITS","NATSC","POLAW"
2013,"BIO",NA,NA,"NATSK","ARTDE",NA
2013,"PSY",NA,NA,"NATSC","CRW","BUS"
2013,"PEX","PSY",NA,"COA",NA,NA
2013,"ENVST",NA,NA,"LSP10",NA,NA
2013,"MAPHD",NA,NA,"",NA,NA
2013,"PEX",NA,NA,"PSY","COA","ARTDE"
2013,"POE",NA,NA,"SPERH",NA,NA
2013,"IPE",NA,NA,"ELIT","BUS","BIO"
2013,"ART",NA,NA,"JOURN","ATH","NATSC"
2013,"PSY",NA,NA,"REL","HUBIO","CRIJU"
2013,"BUS",NA,NA,"PEEDU",NA,NA
2013,"PSY",NA,NA,"",NA,NA
2013,"BUS",NA,NA,"ARTDE","PSY","PEEDU"
2013,"PSY",NA,NA,"HEALT","CRIJU","HUSVC"
2013,"HEA",NA,NA,"REL","PSY","HEAPR"
2013,"ELIT",NA,NA,"BRITS","NATSC","GERFO"
2013,"HEA",NA,NA,"NATSC",NA,NA
2013,"PSY",NA,NA,"CRW","JOURN","NATSC"
2013,"HIS","CRW",NA,"JOURN","NATSC",NA
2013,"PSY",NA,NA,"THE","NATSC","POLAW"
2013,"BUS",NA,NA,"SPA","PSY","NATSC"
2013,"ELIT",NA,NA,"",NA,NA
2013,"BUS",NA,NA,"PHI","PSY","HUBIO"
2013,"BUS",NA,NA,"HIS","HEALT",NA
2013,"HEA",NA,NA,"SPA","COA",NA
2013,"BIO",NA,NA,"",NA,NA
2013,"MAPHD",NA,NA,"",NA,NA
2013,"BUS",NA,NA,"PSY","NATSC","ARTDE"
2013,"PSY",NA,NA,"CRW","PEEDU","COA"
2013,"BIO",NA,NA,"ATH",NA,NA
2013,"PSY",NA,NA,"HEALT","BUS","VSTDY"
2013,"BUS",NA,NA,"AIS","HIS","MAT"
2014,"HEA",NA,NA,"HIS","HEAPR",NA
2014,"MUS",NA,NA,"CLA","CSD","MUSPE"
2014,"PEX",NA,NA,"PSY",NA,NA
2014,"HIS",NA,NA,"SPAFO","REL","NATSC"
2014,"PSY",NA,NA,"ARTDE","HUSVC","HUBIO"
2014,"BUS",NA,NA,"ARTDE","PSY","PEEDU"
2014,"PEX",NA,NA,"COA",NA,NA
2014,"PSY",NA,NA,"",NA,NA
2013,"PEX",NA,NA,"COA",NA,NA
2013,"BUS",NA,NA,"HIS",NA,NA
2013,"BUS",NA,NA,"ARTDE",NA,NA
2015,"BUS",NA,NA,"NATSC","POEC","ARTDE"
2015,"BUS",NA,NA,"NATSC",NA,NA
2015,"ACCT","HIS",NA,"SPA","NATSC",NA
2015,"MAT",NA,NA,"PSY",NA,NA
2015,"BUS",NA,NA,"PSY","PEEDU","IJOUR"
2015,"PHE",NA,NA,"COA","PSY",NA
2015,"BUS",NA,NA,"HIS",NA,NA
2015,"IPE",NA,NA,"GER","NATSC","PSY"
2015,"HEA",NA,NA,"",NA,NA
2015,"BIO",NA,NA,"SPA","PSY","HEAPR"
2015,"RELST",NA,NA,"CLA",NA,NA
2015,"BIO",NA,NA,"CRIJU","PSY",NA
2015,"MATPH",NA,NA,"DUENG","REL","EDS"
2015,"CRW",NA,NA,"",NA,NA
2015,"IPE",NA,NA,"HEALT","POLAW","SPA"
2015,"SPA","POE",NA,"POLAW","NATSC",NA
2015,"BIO",NA,NA,"PSY","CRIJU","HPDEN"
2015,"ACCT",NA,NA,"POEC",NA,NA
2015,"HIS",NA,NA,"ARTDE","GERFO","NATSC"
2015,"BUS",NA,NA,"HIS","PEEDU","ARTDE"
2015,"PSY",NA,NA,"COA","NATSC",NA
2015,"BIO",NA,NA,"HPVET","PSY","RELST"
2015,"ATH",NA,NA,"VSTDY","NATSC","HUSVC"
2015,"BIO",NA,NA,"CHE","SPAFO",NA
2014,"IPE",NA,NA,"REL","NATSC","BUS"
2014,"BUS",NA,NA,"POINT","NATSC","REL"
2014,"PSY",NA,NA,"ARTDE","CRIJU","MAT"
2014,"EDIND",NA,NA,"SPA","BED",NA
2014,"BUS",NA,NA,"REL","POINT","NATSC"
2014,"PSY",NA,NA,"SPA","PEEDU","ED10"
2014,"POE",NA,NA,"NATSC","JOURN","REL"
2014,"IPE","BUS",NA,"SPA","NATSC",NA
2014,"THE",NA,NA,"NATSC","LAS","POLAW"
2014,"PEX",NA,NA,"PSY","HEAPR","HUBIO"
2014,"IPE",NA,NA,"NATSC","SPERH","GER"
2014,"BUS","ATH",NA,"SPA","NATSC",NA
2014,"EDIND",NA,NA,"GER","ESL",NA
2014,"HIS","EDIND",NA,"FRE",NA,NA
2014,"CHE","MATPH",NA,"MUS","HIS","SPAFO"
2014,"CHE",NA,NA,"ARTDE","HIS","CSC"
2014,"HEA",NA,NA,"PSY","HEAPR",NA
2014,"HEA",NA,NA,"HEAPR","ARTDE",NA
2014,"ENVST",NA,NA,"JOURN","HIS",NA
2014,"NURSE",NA,NA,"HIS","ARTHS",NA
2014,"MATPH",NA,NA,"ED10","HIS",NA
2014,"POE",NA,NA,"MAT","REL","POLAW"
2014,"MUS",NA,NA,"PSY","PEEDU","MUSPE"
2014,"PSY","ATH",NA,"NATSC","CRIJU","HUSVC"
2014,"THE","PSY",NA,"NATSC","HUSVC",NA
2014,"MATPH",NA,NA,"CRIJU","CHEAN","ARTHS"
2014,"ENVST",NA,NA,"SPAFO",NA,NA
2014,"BUS","HIS",NA,"MUS","NATSC",NA
2014,"BIO",NA,NA,"SPA","PSY","HEAPR"
2014,"MUS",NA,NA,"PSY","HUBIO","ED10"
2014,"NURSE",NA,NA,"SPA","PSY",NA
2014,"CRW",NA,NA,"",NA,NA
2014,"MAPHD",NA,NA,"",NA,NA
2014,"CRW","SPA",NA,"CRIJU","NATSC","IJOUR"
2014,"BUS","ART",NA,"VSTDY","HUBIO",NA
2014,"HEA",NA,NA,"CRIJU","ATH","HEAPR"
2014,"PSY",NA,NA,"",NA,NA
2014,"CHE","MATPH",NA,"REL","HIS","NATSK"
2014,"MUS",NA,NA,"HIS","NATSC","ED10"
2014,"ART",NA,NA,"VSTDY","HUBIO","COA"
2014,"ENVST",NA,NA,"SPA",NA,NA
2014,"MATPH",NA,NA,"ELIT","FREFO","ATH"
2014,"HIS",NA,NA,"SPA","BIO","HEAPR"
2014,"BUS",NA,NA,"REL","ATH","HEALT"
2014,"BIO","RELST",NA,"AIS","HEAPR",NA
2014,"PEX",NA,NA,"ARTDE","PSY","HEAPR"
2014,"CHE",NA,NA,"SPA","POINT","LSP10"
2014,"PSY",NA,NA,"IJOUR","HUSVC","HUBIO"
2014,"PSY",NA,NA,"THE","MAT","NATSK"
2014,"HIS",NA,NA,"REL","NATSC","HEAPR"
2014,"POE","PHI",NA,"POLAW","HUBIO",NA
2014,"BIO",NA,NA,"PHI","PSY","HEAPR"
2014,"EDIND",NA,NA,"SPA","ATH","BED"
2014,"MATPH",NA,NA,"PSY","NATSK","ARTDE"
2014,"EDIND",NA,NA,"MAT","REL","HIS"
2014,"BUS",NA,NA,"SPA","PSY","HUBIO"
2014,"PEX",NA,NA,"",NA,NA
2014,"CRW",NA,NA,"HIS","HUBIO","IJOUR"
2014,"HEA",NA,NA,"SPA","HEAPR","PSY"
2014,"ATH",NA,NA,"ARTDE","NATSC","BUS"
2014,"PSY",NA,NA,"BUS","REL","BIO"
2014,"ACCT",NA,NA,"SPA","PSY","COA"
2014,"BIO",NA,NA,"FRE","LAS","HEAPR"
2014,"PSY",NA,NA,"PHI","NATSC","BUS"
2014,"PSY",NA,NA,"CRIJU","CRW","HUBIO"
2014,"BUS",NA,NA,"AIS","NATSC","PSY"
2014,"MAT",NA,NA,"ATH",NA,NA
2014,"MUSCT","PSY",NA,"LSP10","NATSC",NA
2014,"PSY",NA,NA,"CRIJU","CRW","HEALT"
2014,"BUS",NA,NA,"PEEDU",NA,NA
2014,"BIO",NA,NA,"REL","GERFO","PSY"
2014,"BIO",NA,NA,"ENHUM","POINT","HEAPR"
2014,"THE",NA,NA,"PSY","NATSC","HUSVC"
2014,"POE",NA,NA,"REL","POLAW",NA
2014,"POE",NA,NA,"CRIJU",NA,NA
2014,"ENVST",NA,NA,"",NA,NA
2014,"BUS",NA,NA,"REL","HIS","NATSC"
2014,"BUS",NA,NA,"ARTDE","PSY","MAT"
2014,"MATPH",NA,NA,"SPA","HIS","LSP10"
2014,"CHE",NA,NA,"MUS","EDS","HEAPR"
2014,"MUS",NA,NA,"MUSPE","PEEDU","PSY"
2014,"MATPH","MATCS",NA,"PHI","PSY",NA
2014,"BIO",NA,NA,"SPA","PSY","HEAPR"
2014,"HEA",NA,NA,"REL","PSY","HEAPR"
2014,"MAPHD",NA,NA,"",NA,NA
2014,"HEA",NA,NA,"HUSVC",NA,NA
2014,"IPE",NA,NA,"NATSC","POLAW","AIS"
2014,"ELIT",NA,NA,"ED10",NA,NA
2014,"MAPHD",NA,NA,"FRE","ATH","DUENG"
2014,"POE",NA,NA,"NATSC","CRIJU","POLAW"
2014,"PSY",NA,NA,"GER","BUS","CHE"
2014,"PSY",NA,NA,"AIS","NATSC","BUS"
2014,"BIO",NA,NA,"PSY","HEAPR","ARTDE"
2014,"PSY",NA,NA,"MUS","HUSVC","PHSCI"
2014,"ATH",NA,NA,"SPERH",NA,NA
2014,"HEA","THE",NA,"BUS",NA,NA
2014,"HIS",NA,NA,"ED10",NA,NA
2014,"HEA",NA,NA,"",NA,NA
2014,"HEA",NA,NA,"PHI","HEAPR","ATH"
2014,"HEA",NA,NA,"HEAPR",NA,NA
2014,"BUS","SPA",NA,"PSY","MAT",NA
2014,"POE",NA,NA,"PHI","POLAW","NATSC"
2014,"BUS",NA,NA,"PEEDU",NA,NA
2014,"EDIND",NA,NA,"",NA,NA
2014,"SPA","BUS",NA,"CRIJU","HEALT",NA
2014,"BUS",NA,NA,"ARTDE","PSY","PEEDU"
2014,"IPE",NA,NA,"AIS","GERFO","ENV"
2014,"MATPH",NA,NA,"ED10",NA,NA
2014,"IPE","BUS",NA,"NATSC","PHI",NA
2014,"HIS",NA,NA,"ED10",NA,NA
2014,"BUS",NA,NA,"SPA","ATH","HUBIO"
2014,"IPE",NA,NA,"SPA","NATSC","POLAW"
2014,"CRW",NA,NA,"HIS",NA,NA
2014,"EDIND",NA,NA,"CRW","EDLIT",NA
2014,"MATPH",NA,NA,"ARTDE","PSY","LSP10"
2014,"HIS",NA,NA,"AIS","NATSC","FREFO"
2014,"PEX",NA,NA,"HIS","HEAPR","CRIJU"
2014,"PSY",NA,NA,"JOURN","VSTDY",NA
2014,"BUS",NA,NA,"HUBIO",NA,NA
2014,"ELIT",NA,NA,"BUS","NATSC","POEC"
2014,"HIS",NA,NA,"NATSC","THE","SPAFO"
2014,"BUS",NA,NA,"POEC",NA,NA
2014,"PSY",NA,NA,"NATSC","BRITS","HUSVC"
2014,"SPA","PSY",NA,"POLAW","NATSC",NA
2014,"MAT",NA,NA,"MUS","PSY","CSC"
2014,"POE",NA,NA,"NATSC","BUS","CRIJU"
2014,"BIO","ENVST",NA,"HEAPR",NA,NA
2014,"CRW",NA,NA,"BRITS","JOURN","NATSC"
2014,"CHE",NA,NA,"HEAPR","PHY","PSY"
2014,"PEX",NA,NA,"HEAPR","POINT",NA
2014,"PSY",NA,NA,"HUBIO","CRIJU","PHI"
2014,"ENVST",NA,NA,"",NA,NA
2014,"BUS",NA,NA,"NATSC","SPA","PSY"
2014,"ELIT",NA,NA,"BIO","CSC","ATH"
2014,"EDIND",NA,NA,"CRW",NA,NA
2014,"MATPH",NA,NA,"PSY","ARTDE","CSC"
2014,"BIO",NA,NA,"ARTDE","HIS","HEAPR"
2014,"BUS","MAT",NA,"REL","HIS",NA
2014,"BUS",NA,NA,"CRW","PSY","MAT"
2014,"BIO","ENVST",NA,"POEC","CHEAN",NA
2014,"BUS",NA,NA,"PSY","CRIJU","HEALT"
2014,"BIO",NA,NA,"PHI","HIS","NATSK"
2014,"MATPH",NA,NA,"PHI","BUS","ATH"
2014,"POE",NA,NA,"CRIJU","NATSC","POLAW"
2014,"IPE",NA,NA,"AIS","NATSC","BUS"
2014,"POE",NA,NA,"PHI","NATSC","POLAW"
2014,"HEA",NA,NA,"SPA","HEAPR","PSY"
2014,"EDIND",NA,NA,"",NA,NA
2014,"PSY",NA,NA,"BUS",NA,NA
2014,"ATH",NA,NA,"VSTDY","NATSC","HUSVC"
2014,"SPA",NA,NA,"PSY","NATSC","ED10"
2014,"ATH",NA,NA,"HUSVC","SPA","HUBIO"
2014,"ACCT",NA,NA,"HIS","SPA","NATSC"
2014,"PSY",NA,NA,"SPA","NATSC","CRIJU"
2014,"HEA",NA,NA,"COA","BUS",NA
2014,"BUS",NA,NA,"THE","NATSC","VSTDY"
2014,"PSY",NA,NA,"COA","SPA","HEALT"
2014,"HEA",NA,NA,"POEC","MUS","CHE"
2014,"MUS",NA,NA,"EDS",NA,NA
2014,"PSY","ART",NA,"HUBIO","LSP10",NA
2014,"HEA",NA,NA,"SPA","HEAPR",NA
2014,"PSY",NA,NA,"BRITS","BIO","HUSVC"
2014,"THE",NA,NA,"PSY","BIO","HEAPR"
2014,"IPE",NA,NA,"AIS","NATSC","JOURN"
2014,"ENVST",NA,NA,"",NA,NA
2014,"ENVST",NA,NA,"SPERH",NA,NA
2014,"PHE",NA,NA,"ARTDE","COA","PSY"
2014,"BUS",NA,NA,"SPA","HIS","NATSC"
2014,"IPE","PHI",NA,"NATSC","SPAFO",NA
2014,"ART",NA,NA,"PSY","BUS","HEALT"
2014,"MATPH",NA,NA,"FRE","PSY","HEAPR"
2014,"CHE",NA,NA,"POINT","HEAPR","PHI"
2014,"BIO",NA,NA,"HEAPR","SPA","PSY"
2014,"POE",NA,NA,"AIS","HIS","NATSC"
2014,"SPE",NA,NA,"MUS","PSY","COA"
2014,"HEA",NA,NA,"REL","PSY","LSP10"
2014,"MUS",NA,NA,"ATH","NATSC","MUSPE"
2014,"BUS",NA,NA,"MAT","POINT",NA
2014,"HEA",NA,NA,"CRW","HEAPR",NA
2014,"ENVST",NA,NA,"PHI","REL",NA
2014,"BUS",NA,NA,"ARTDE","CSD",NA
2014,"PSY",NA,NA,"HEALT","THE","LSP10"
2014,"ELIT",NA,NA,"PSY","FREFO","HUBIO"
2014,"ATH",NA,NA,"CRIJU",NA,NA
2014,"PHE",NA,NA,"COA",NA,NA
2014,"POE",NA,NA,"NATSC","POLAW","ENHUM"
2014,"PSY",NA,NA,"HEAPR","BIO","CRIJU"
2014,"EDIND",NA,NA,"THE","EDLIT",NA
2014,"MATPH",NA,NA,"SPAFO","HIS","THE"
2014,"BIO",NA,NA,"ARTHS","HEAPR","PSY"
2014,"ATH",NA,NA,"MUS","NATSC","HUSVC"
2015,"EDIND","SPA",NA,"BUS",NA,NA
2015,"MATPH",NA,NA,"PSY","CSC",NA
2015,"POE","ENVST",NA,"POLAW",NA,NA
2015,"BUS",NA,NA,"ARTDE",NA,NA
2015,"BUS",NA,NA,"HIS",NA,NA
2015,"NURSE",NA,NA,"PSY",NA,NA
2015,"HIS",NA,NA,"NATSC","POLAW","BRITS"
2015,"HIS",NA,NA,"",NA,NA
2015,"ART",NA,NA,"",NA,NA
2015,"PSY",NA,NA,"CRIJU",NA,NA
2015,"SPA",NA,NA,"HIS","NATSC","BED"
2015,"PHE",NA,NA,"CRIJU","PSY","ED10"
2015,"PSY",NA,NA,"",NA,NA
2015,"HEA",NA,NA,"MAT","HEAPR","ENHUM"
2015,"BUS",NA,NA,"VSTDY","CRW","NATSC"
2015,"MAT",NA,NA,"ARTDE","ED10","PSY"
2015,"ATH",NA,NA,"COA",NA,NA
2015,"MAPHD",NA,NA,"",NA,NA
2015,"POE","BUS",NA,"VSTDY","NATSC",NA
2015,"HIS",NA,NA,"BIO","ED10",NA
2014,"MATPH",NA,NA,"",NA,NA
2014,"MUS",NA,NA,"PSY","HUBIO","MUSPE"
2014,"ATH",NA,NA,"HUSVC",NA,NA
2014,"HEA",NA,NA,"CRIJU","BUS",NA
2016,"BIO","ENVST",NA,"NATSK",NA,NA
2016,"HIS",NA,NA,"HEALT","CRIJU","POLAW"
2016,"HEA","ART",NA,"BIO","NATSK",NA
2016,"BIO",NA,NA,"PSY","ENHUM","HPDEN"
2016,"PSY",NA,NA,"MUS","NATSC","LSPB"
2016,"HPER",NA,NA,"BUS",NA,NA
2016,"BIO",NA,NA,"PHI","PSY","HEAPR"
2016,"BUS",NA,NA,"",NA,NA
2016,"ACCT",NA,NA,"ARTDE","PSY","MAT"
2016,"BIO","ENVST",NA,"BUS",NA,NA
2016,"HEA",NA,NA,"PSY","RELST","HPPA"
2016,"ACCT",NA,NA,"PSY","HUBIO","CRIJU"
2016,"PSY",NA,NA,"ELIT","POLAW","NATSC"
2016,"BIO",NA,NA,"PSY","HPMED",NA
2016,"ELIT",NA,NA,"THE","JOURN","HIS"
2016,"PEX",NA,NA,"ATH","IJOUR","BUS"
2016,"BUS",NA,NA,"PEEDU","HIS",NA
2016,"IPE",NA,NA,"HUBIO","THE","FREFO"
2016,"HEA",NA,NA,"HPDEN",NA,NA
2016,"PHI",NA,NA,"NATSC","POLAW","PSY"
2015,"IPE",NA,NA,"HEALT","RELST","LSPB"
2015,"IPE",NA,NA,"NATSC","AIS","BUS"
2015,"BIO",NA,NA,"THE","PSY","BUS"
2015,"HEA",NA,NA,"SPA","HEAPR","PSY"
2015,"PSY","EDIND",NA,"SPA",NA,NA
2015,"HEA","PSY",NA,"CRIJU","BRITS","HEAPR"
2015,"HEA","SPA",NA,"HEAPR","PSY",NA
2015,"HIS",NA,NA,"AIS","PHY","CHEAN"
2015,"BIO",NA,NA,"ENHUM","PSY","HPVET"
2015,"IPE",NA,NA,"POLAW","PHI","NATSC"
2015,"BUS",NA,NA,"ATH","CSD","MUS"
2015,"ENVST",NA,NA,"LSP10",NA,NA
2015,"HEA",NA,NA,"SPAFO","REL",NA
2015,"PEX",NA,NA,"COA",NA,NA
2015,"EDIND",NA,NA,"ARTDE","PSY",NA
2015,"BUS",NA,NA,"POINT","AIS","NATSC"
2015,"BUS",NA,NA,"ARTDE","PSY","PEEDU"
2015,"MAT",NA,NA,"ARTDE","CSC",NA
2015,"BUS",NA,NA,"PEEDU","SPA","PSY"
2015,"PSY",NA,NA,"HUBIO","CRIJU","HPMED"
2015,"ATH",NA,NA,"ESL","CRW","HEALT"
2015,"PSY",NA,NA,"BUS","HEALT",NA
2015,"EDIND",NA,NA,"PHI",NA,NA
2015,"IPE",NA,NA,"RELST","NATSC","SPAFO"
2015,"BIO",NA,NA,"PSY","ENHUM","HPMED"
2015,"HPER",NA,NA,"PSY",NA,NA
2015,"SPA","BUS",NA,"PEEDU","HIS",NA
2015,"ELIT",NA,NA,"HIS","NATSC","ED10"
2015,"ENVST",NA,NA,"DUENG",NA,NA
2015,"HIS",NA,NA,"MATAP","ED10",NA
2015,"HEA",NA,NA,"ELIT","PSY","HPPA"
2015,"PSY",NA,NA,"RELST","CHEAN","PHSCI"
2015,"BIO",NA,NA,"PSY","PHSCI",NA
2015,"HEA",NA,NA,"RELST","HPPT",NA
2015,"MAT",NA,NA,"BUS","PSY","VSTDY"
2015,"BIO",NA,NA,"HPMED","POEC","ARTDE"
2015,"HEA",NA,NA,"BUS","ENHUM",NA
2015,"PSY",NA,NA,"GERFO","HUBIO","CRIJU"
2015,"BUS",NA,NA,"PEEDU",NA,NA
2015,"ATH",NA,NA,"CRIJU","NATSC","HUSVC"
2015,"HEA",NA,NA,"GER","BUS",NA
2015,"IPE",NA,NA,"CRW","JOURN","NATSC"
2015,"PHI",NA,NA,"PSY","SPERH","MATAP"
2015,"HIS",NA,NA,"FRE","HEALT","SPAFO"
2015,"POE",NA,NA,"MUS","BUS","MAT"
2015,"HEA",NA,NA,"PHI","PSY","HPPA"
2015,"MATCS",NA,NA,"FRE","PSY",NA
2015,"HEA",NA,NA,"ARTDE","BUS","CHE"
2015,"HEA",NA,NA,"HPPA",NA,NA
2015,"EDIND",NA,NA,"CRW",NA,NA
2015,"BUS",NA,NA,"POEC","RELST","NATSC"
2015,"PSY",NA,NA,"FRE","NATSC","NATSK"
2015,"BIO","SPA",NA,"PSY","HPMED",NA
2015,"BUS",NA,NA,"AIS","POINT","HUBIO"
2015,"MATCS","MATPH",NA,"BUS",NA,NA
2015,"BUS",NA,NA,"SPA","POEC","NATSC"
2015,"PSY",NA,NA,"PEEDU","HUSVC","CRIJU"
2015,"HEA",NA,NA,"HPPA","PHI",NA
2015,"IPE",NA,NA,"FRE","ENV","LSPB"
2015,"HIS",NA,NA,"GER","NATSC","NATSK"
2015,"BIO","SPA",NA,"PSY","HPPA",NA
2015,"BIO","CHE","MATPH","HIS","BUS","REL"
2015,"ATH",NA,NA,"BIO","AIS","FREFO"
2015,"ART",NA,NA,"PSY","BUS","PEEDU"
2015,"THE","ELIT",NA,"BRITS","NATSC","SPERH"
2015,"BUS",NA,NA,"ARTDE","PSY","NATSC"
2015,"THE",NA,NA,"NATSC","JOURN","ATH"
2015,"PHE",NA,NA,"COA","PHI","PSY"
2015,"HEA",NA,NA,"SPA","HPDEN",NA
2015,"BUS",NA,NA,"VSTDY","PSY","NATSC"
2015,"PEX",NA,NA,"COA","RELST","PSY"
2015,"BIO",NA,NA,"SPA","POEC","HPMED"
2015,"MATPH",NA,NA,"GERFO","HIS","ELIT"
2015,"HIS",NA,NA,"RELST","NATSC","POLAW"
2015,"ATH",NA,NA,"SPA","HUSVC","NATSC"
2015,"HPER",NA,NA,"PSY","COA","VSTDY"
2015,"PSY",NA,NA,"BUS",NA,NA
2015,"BIO",NA,NA,"ARTDE","POEC","NATSK"
2015,"PSY",NA,NA,"VSTDY","NATSC","HUSVC"
2015,"BIO",NA,NA,"PSY","BUS",NA
2015,"ART",NA,NA,"BRITS","NATSC","SPAFO"
2015,"PSY",NA,NA,"HUSVC","HUBIO",NA
2015,"BIO",NA,NA,"PHI","PSY","HPDEN"
2015,"HIS",NA,NA,"HUBIO","MUS","POLAW"
2015,"BIO",NA,NA,"HPMED","ARTDE","PSY"
2015,"CHE",NA,NA,"PSY","HPMED","RELST"
2015,"ACCT",NA,NA,"SPA",NA,NA
2015,"ELIT",NA,NA,"ED10","PEEDU","SPERH"
2015,"EDIND",NA,NA,"PSY","THE",NA
2015,"HEA",NA,NA,"HPPT",NA,NA
2015,"ENVST",NA,NA,"SPA","JOURN",NA
2015,"MUSCT",NA,NA,"JOURN","NATSC","POEC"
2015,"HEA",NA,NA,"SPA","BIO","HPPA"
2015,"PSY",NA,NA,"COA","HUBIO","RELST"
2015,"BUS",NA,NA,"PEEDU",NA,NA
2015,"PSY",NA,NA,"BIO","BUS","CRIJU"
2015,"MAT",NA,NA,"CHEAN","REL","ATH"
2015,"ENVST",NA,NA,"POLAW",NA,NA
2015,"HEA",NA,NA,"HPDEN",NA,NA
2015,"HEA","BIO",NA,"CRIJU","SPAFO",NA
2015,"PSY",NA,NA,"",NA,NA
2015,"BIO",NA,NA,"RELST","PSY","HPMED"
2015,"PSY",NA,NA,"VSTDY","NATSC","HUSVC"
2015,"BIO",NA,NA,"HPVET","CRW","EDS"
2015,"MUSCT",NA,NA,"PSY","HUBIO","JOURN"
2015,"CHE",NA,NA,"SPA","HPMED","VSTDY"
2015,"ATH",NA,NA,"FRE","HPMED","BIO"
2015,"BUS",NA,NA,"",NA,NA
2015,"BUS",NA,NA,"MUS","PSY","NATSC"
2015,"IPE",NA,NA,"NATSC","BUS","SPA"
2015,"PSY","ATH",NA,"HUSVC","NATSC","RELST"
2015,"PSY",NA,NA,"HUBIO","ARTDE","HUSVC"
2015,"HEA",NA,NA,"HPPT","CRIJU",NA
2015,"EDIND",NA,NA,"THE","PSY","ENV"
2015,"IPE",NA,NA,"BUS","NATSC","CRIJU"
2015,"HIS",NA,NA,"ELIT","NATSC","LSPC"
2015,"BUS",NA,NA,"PEEDU","ATH",NA
2015,"IPE",NA,NA,"SPA","NATSC","BUS"
2015,"HIS","RELST",NA,"NATSC","JOURN",NA
2015,"PSY",NA,NA,"SPAFO","NATSC","ARTDE"
2015,"HIS",NA,NA,"POLAW","NATSC",NA
2015,"BUS",NA,NA,"PHI","POEC",NA
2015,"ATH",NA,NA,"BUS",NA,NA
2015,"ATH",NA,NA,"HUSVC","NATSC",NA
2015,"MAT",NA,NA,"ENHUM","PSY","BUS"
2015,"ART",NA,NA,"PSY","HUBIO","CRIJU"
2015,"HEA",NA,NA,"HPPA","VSTDY","PSY"
2015,"CRW",NA,NA,"JOURN","NATSC","VSTDY"
2015,"ATH",NA,NA,"HUSVC","PSY",NA
2015,"POE",NA,NA,"THE","SPERH","CSD"
2015,"IPE",NA,NA,"SPAFO","MAT","ELIT"
2015,"ENVST",NA,NA,"NATSK",NA,NA
2015,"ATH",NA,NA,"NATSC","ARTDE","BUS"
2015,"BUS",NA,NA,"PSY","PHI","NATSC"
2015,"MATPH",NA,NA,"REL","LSP10","PSY"
2015,"BIO",NA,NA,"PSY","ELIT","HPMED"
2015,"MATPH",NA,NA,"ATH","MUS","HPMED"
2015,"BUS",NA,NA,"PEEDU","PSY","ARTDE"
2015,"BUS",NA,NA,"POEC","CRIJU","NATSC"
2015,"THE",NA,NA,"VSTDY","NATSC","SPERH"
2015,"BIO",NA,NA,"RELST","PSY","HPMED"
2015,"BUS",NA,NA,"CSD","ARTDE","POINT"
2015,"BUS",NA,NA,"PSY","SPA",NA
2015,"EDIND",NA,NA,"EDLIT",NA,NA
2015,"PSY",NA,NA,"CRIJU",NA,NA
2015,"POE",NA,NA,"AIS","NATSC","POLAW"
2015,"HEA",NA,NA,"HPPA","RELST",NA
2015,"HEA",NA,NA,"PSY","HUSVC","PHI"
2015,"PSY",NA,NA,"HUSVC",NA,NA
2015,"HIS",NA,NA,"REL","ED10","ENV"
2015,"EXPH",NA,NA,"PSY",NA,NA
2015,"ENVST","ATH",NA,"HUSVC","NATSC","LSPB"
2015,"ENVST",NA,NA,"CHEAN",NA,NA
2015,"IPE",NA,NA,"BUS","RELST","NATSC"
2015,"PSY",NA,NA,"PHI","HUSVC","NATSC"
2015,"HEA",NA,NA,"HPPA",NA,NA
2015,"ENVST",NA,NA,"HUSVC","ATH","ARTDE"
2015,"PSY",NA,NA,"NATSC",NA,NA
2015,"PSY",NA,NA,"LSPC","CRW","HUBIO"
2015,"ATH",NA,NA,"ARTDE","HUBIO","BUS"
2015,"ATH",NA,NA,"JOURN","NATSC","RELST"
2015,"PSY",NA,NA,"ARTDE","GERFO","MAT"
2015,"PSY",NA,NA,"FRE","CRIJU","HUBIO"
2015,"HPER",NA,NA,"PSY",NA,NA
2015,"MAT",NA,NA,"ED10","PSY","PHY"
2015,"HPER",NA,NA,"SPAFO",NA,NA
2015,"THE",NA,NA,"HIS","HPOCC","NATSC"
2015,"HEA",NA,NA,"HUSVC","SPA",NA
2015,"POE",NA,NA,"ENHUM","HUBIO","POLAW"
2015,"BUS",NA,NA,"FRE","PSY","ENV"
2015,"POE","ENVST",NA,"POLAW",NA,NA
2015,"HIS",NA,NA,"HEALT","GERFO","CRW"
2015,"HEA",NA,NA,"PSY",NA,NA
2015,"PSY",NA,NA,"HUSVC","HEALT","REL"
2015,"POE",NA,NA,"ARTDE","BUS","NATSC"
2015,"MATPH","MUS",NA,"LAS","CSC",NA
2015,"BUS",NA,NA,"PEEDU","HIS",NA
2015,"ATH","BUS",NA,"ARTDE","NATSC",NA
2015,"ELIT",NA,NA,"PSY",NA,NA
2015,"MAT",NA,NA,"ATH","CHEAN","ARTDE"
2015,"PHE",NA,NA,"ED10","PSY","VSTDY"
2015,"HEA",NA,NA,"HUSVC","CRIJU","PSY"
2015,"BIO",NA,NA,"SPA","PSY","HPMED"
2015,"PSY","ART",NA,"",NA,NA
2015,"BUS",NA,NA,"PSY","MATAP","AIS"
2015,"POE",NA,NA,"AIS",NA,NA
2015,"PSY",NA,NA,"MAT","ED10",NA
2015,"PSY",NA,NA,"BIO","FRE","HPMED"
2015,"EDIND",NA,NA,"RELST","ESL",NA
2015,"PHE",NA,NA,"IJOUR","BUS","HEALT"
2015,"BIO",NA,NA,"HPDEN","FRE","PSY"
2015,"BUS","ACCT",NA,"HUBIO","SPA","POEC"
2015,"IPE",NA,NA,"SPA","NATSC","BUS"
2015,"PEX",NA,NA,"PSY","REL",NA
2015,"PSY",NA,NA,"BUS","VSTDY",NA
2015,"POE",NA,NA,"POLAW","CRIJU",NA
2015,"MATPH",NA,NA,"SPAFO","MUS","LAS"
2015,"MATPH","BUS",NA,"SPA","POEC",NA
2015,"CHE",NA,NA,"PHI","HPDEN","PSY"
2015,"PSY","RELST",NA,"NATSC","JOURN",NA
2015,"BUS",NA,NA,"ATH","NATSC","PHI"
2015,"BIO",NA,NA,"FRE","HIS","CHEAN"
2015,"RELST",NA,NA,"LSPC","CLA","JUDST"
2015,"HEA",NA,NA,"CRIJU","HPMED",NA
2015,"EDIND",NA,NA,"",NA,NA
2015,"HIS",NA,NA,"REL",NA,NA
2015,"PEX",NA,NA,"RELST","PSY","HPMED"
2015,"BUS",NA,NA,"HUBIO","VSTDY","ARTDE"
2015,"HEA","ART",NA,"SPAFO","NATSC","HPPA"
2015,"MAT",NA,NA,"ED10","PHY","PHSCI"
2015,"REL",NA,NA,"POEC","NATSC","CRIJU"
2015,"BIO",NA,NA,"MUS","PSY","HPMED"
2015,"PEX",NA,NA,"HPPA","RELST","PSY"
2015,"BUS",NA,NA,"POEC","MAT","RELST"
2016,"BUS",NA,NA,"PSY",NA,NA
2016,"ATH",NA,NA,"NATSC","HUSVC","RELST"
2016,"HIS",NA,NA,"IJOUR","NATSC","SPERH"
2016,"MATCS",NA,NA,"MUS","PSY",NA
2016,"THE",NA,NA,"HIS","NATSC","SPERH"
2016,"BUS",NA,NA,"PSY","CRIJU","PEEDU"
2016,"HIS",NA,NA,"REL","LSP10",NA
2016,"CRW",NA,NA,"ATH",NA,NA
2016,"BUS",NA,NA,"AIS","NATSC","HIS"
2016,"MUS",NA,NA,"PSY","ED10","NATSC"
2016,"HEA",NA,NA,"PSY","REL","HUSVC"
2015,"ATH",NA,NA,"CRW","NATSC","CRIJU"
2015,"POE",NA,NA,"NATSC","POLAW","ELIT"
2015,"ART",NA,NA,"SPAFO","NATSC","LAS"
2015,"BIO",NA,NA,"PSY","HPMED",NA
2017,"HEA",NA,NA,"BRITS","HPPA","PSY"
2017,"HPER","SPA",NA,"ATH","HPPT",NA
2017,"BIO",NA,NA,"MUS","PSY","HPPA"
2017,"PSY",NA,NA,"COA","SPA","HUBIO"
2017,"HEA",NA,NA,"PSY","VSTDY","HPPA"
2017,"HPER",NA,NA,"PSY","BUS","SPA"
2017,"HPER",NA,NA,"COA",NA,NA
2017,"HEA",NA,NA,"SPA","PSY","HPOCC"
2017,"ENVST",NA,NA,"COA",NA,NA
2017,"HEA","PSY",NA,"MUS","HPPT",NA
2017,"ENVST",NA,NA,"BUS","ENHUM","ENV"
2017,"PHARM",NA,NA,"PHI","NATSC","HIS"
2017,"HEA",NA,NA,"HPMED",NA,NA
2017,"IPE",NA,NA,"FRE","JOURN","NATSC"
2017,"BUS","ART",NA,"PSY","NATSC",NA
2017,"ACCT",NA,NA,"HIS","PEEDU",NA
2017,"BUS",NA,NA,"PSY","PEEDU","PHI"
2017,"HEA",NA,NA,"BUS","PSY","SPA"
2017,"BUS",NA,NA,"PEEDU","ARTDE","HIS"
2017,"BIO",NA,NA,"",NA,NA
2017,"BUS",NA,NA,"PHI","POEC",NA
2017,"BUS",NA,NA,"HIS","RELST","NATSC"
2017,"ATH",NA,NA,"PEEDU","PHI","BUS"
2017,"BIO",NA,NA,"CHEAN","ELIT",NA
2017,"BUS",NA,NA,"PSY","MATAP","RELST"
2017,"MATCS",NA,NA,"SPA","PSY","CSC"
2017,"BIO",NA,NA,"PSY","SPA","HPMED"
2017,"HEA",NA,NA,"SPA","HPPA",NA
2017,"HEA",NA,NA,"POEC","THE","HPPA"
2017,"HPER",NA,NA,"COA","PSY",NA
2017,"HPER",NA,NA,"HUSVC","PSY","RELST"
2017,"HEA",NA,NA,"PSY","HPMED","BUS"
2017,"MATPH",NA,NA,"SPA","DUENG","PSY"
2017,"MATPH",NA,NA,"CSC","CRW","AIS"
2017,"BUS",NA,NA,"PEEDU","SPA","PSY"
2016,"PSY",NA,NA,"SPA","CHE","HPPA"
2016,"THE",NA,NA,"PSY","NATSC","BUS"
2016,"THE","ATH",NA,"SPERH","PHSCI",NA
2016,"BUS","PSY",NA,"HUBIO","MUS",NA
2016,"BUS",NA,NA,"RELST","HIS","PEEDU"
2016,"HEA",NA,NA,"SPA",NA,NA
2016,"BUS",NA,NA,"SPA","VSTDY","NATSC"
2016,"POE",NA,NA,"ARTDE","NATSC","BUS"
2016,"PSY",NA,NA,"MATAP",NA,NA
2016,"BIO",NA,NA,"CLA","ELIT","HPPA"
2016,"EDIND","RELST",NA,"HIS","NATSC","CLA"
2016,"BUS",NA,NA,"ATH","CSD","SPA"
2016,"PSY",NA,NA,"CHE","ARTDE","HPMED"
2016,"MATPH",NA,NA,"PSY","ARTDE","CSC"
2016,"PSY",NA,NA,"CRIJU","BUS","HUBIO"
2016,"IPE",NA,NA,"SPA","BUS",NA
2016,"HEA",NA,NA,"ENHUM","PSY","HPOCC"
2016,"ART","PSY",NA,"HUSVC","HEALT",NA
2016,"BUS",NA,NA,"PEEDU","PSY","REL"
2016,"CHE",NA,NA,"SPA","POEC","HPMED"
2016,"ACCT","POE",NA,"PHI","NATSC",NA
2016,"BIO",NA,NA,"ELIT","PSY","HPMED"
2016,"MATPH",NA,NA,"CHEAN","PSY","ELIT"
2016,"BUS",NA,NA,"PEEDU","PSY",NA
2016,"HEA",NA,NA,"PSY","HPPA","PHI"
2016,"HEA",NA,NA,"PSY","SPA","HPMED"
2016,"PSY",NA,NA,"HUSVC","ARTDE","ENV"
2016,"HEA",NA,NA,"HPDEN","PHI","PSY"
2016,"BIO",NA,NA,"MUS","PSY","HPMED"
2016,"MATCS",NA,NA,"BIO","PSY",NA
2016,"ATH",NA,NA,"PHI","ENV","SPERH"
2016,"IPE",NA,NA,"SPA","NATSC","BUS"
2016,"BIO",NA,NA,"HPPA","SPA","HIS"
2016,"BIO",NA,NA,"COA","PSY","ARTDE"
2016,"MATCS",NA,NA,"MATAP","ATH",NA
2016,"HEA",NA,NA,"ARTDE","HUSVC",NA
2016,"MUS",NA,NA,"PSY","MUSPE","PHSCI"
2016,"HEA",NA,NA,"HPMED","CRIJU","ATH"
2016,"BUS",NA,NA,"REL","HIS","NATSC"
2016,"MATPH",NA,NA,"PSY","MUS","CSC"
2016,"BIO",NA,NA,"BUS","HIS","PHI"
2016,"EDIND",NA,NA,"CRW","AIS",NA
2016,"IPE",NA,NA,"POLAW","SPA","NATSC"
2016,"BIO",NA,NA,"PSY",NA,NA
2016,"PHE",NA,NA,"COA","HIS","REL"
2016,"MATCS","ART",NA,"",NA,NA
2016,"BUS",NA,NA,"PSY","NATSC","CRW"
2016,"HEA",NA,NA,"ARTDE","HPPA",NA
2016,"THE",NA,NA,"HUBIO","SPERH","VSTDY"
2016,"ENVST",NA,NA,"HUSVC",NA,NA
2016,"ENVST",NA,NA,"BUS",NA,NA
2016,"EDIND",NA,NA,"EDLIT","ELIT",NA
2016,"CRW",NA,NA,"HIS","NATSC","JOURN"
2016,"POE","BUS",NA,"AIS","NATSC",NA
2016,"HEA","SPA",NA,"LSPB","PSY",NA
2016,"ENVST",NA,NA,"THE","CRIJU",NA
2016,"HIS",NA,NA,"POEC","RELST","POLAW"
2016,"EDIND",NA,NA,"PSY",NA,NA
2016,"BUS",NA,NA,"HIS","PEEDU","SPA"
2016,"CHE",NA,NA,"HIS","MUS","ED10"
2016,"HIS",NA,NA,"ELIT","NATSC","POLAW"
2016,"HEA",NA,NA,"PSY","VSTDY","HPPA"
2016,"HPER","BUS",NA,"SPA",NA,NA
2016,"BUS",NA,NA,"SPA","PSY","NATSC"
2016,"HIS","BUS",NA,"BRITS","HUBIO",NA
2016,"BUS",NA,NA,"PSY","HEPRO","RELST"
2016,"MATPH",NA,NA,"PSY","ARTDE","CRIJU"
2016,"PSY",NA,NA,"HUSVC","PEEDU","SPA"
2016,"PSY",NA,NA,"SPA","HUSVC","HEPRO"
2016,"BUS",NA,NA,"HUBIO","CRIJU","RELST"
2016,"BUS",NA,NA,"VSTDY","PEEDU","ARTDE"
2016,"PSY",NA,NA,"THE","HUBIO","ED10"
2016,"BUS",NA,NA,"CSD","PSY",NA
2016,"PSY",NA,NA,"LSPC","HUBIO","PHI"
2016,"POE","ATH",NA,"POLAW","NATSC","REL"
2016,"BUS",NA,NA,"NATSC","HIS","ARTDE"
2016,"EXPH",NA,NA,"RELST","COA","PSY"
2016,"POE",NA,NA,"SPA","PEEDU","POLAW"
2016,"ENVST",NA,NA,"",NA,NA
2016,"PSY",NA,NA,"PHI","NATSC","CRIJU"
2016,"MATPH",NA,NA,"POEC","CSC","PHI"
2016,"MATPH",NA,NA,"DUENG","VSTDY","PSY"
2016,"BIO","SPA",NA,"ATH","HPMED",NA
2016,"BUS",NA,NA,"AIS","POEC","HUBIO"
2016,"BIO",NA,NA,"CRW","HPVET","PSY"
2016,"PSY",NA,NA,"CRW","HEALT","ED10"
2016,"BUS",NA,NA,"HIS","SPA","CSD"
2016,"POE",NA,NA,"BUS",NA,NA
2016,"PSY",NA,NA,"COA","PEEDU",NA
2016,"BIO",NA,NA,"PSY","HPDEN","CRIJU"
2016,"PHE",NA,NA,"ARTDE","PSY","ED10"
2016,"ENVST",NA,NA,"CRIJU",NA,NA
2016,"PSY",NA,NA,"LSPB","CRIJU","HUBIO"
2016,"CRW",NA,NA,"VSTDY","PEEDU","BUS"
2016,"HEA",NA,NA,"THE","PSY","HPPA"
2016,"IPE",NA,NA,"AIS","ENV","BUS"
2016,"HPER",NA,NA,"ARTDE","PSY","COA"
2016,"POE",NA,NA,"NATSC","POLAW","RELST"
2016,"PSY",NA,NA,"HUBIO","PHI","HUSVC"
2016,"MATPH",NA,NA,"POEC","LSPC",NA
2016,"BUS",NA,NA,"PSY","CRIJU","HEPRO"
2016,"THE",NA,NA,"BUS","NATSC","VSTDY"
2016,"MAPHD",NA,NA,"HIS",NA,NA
2016,"HEA",NA,NA,"RELST","PSY","HUSVC"
2016,"CRW",NA,NA,"NATSC","JOURN","VSTDY"
2016,"POE",NA,NA,"NATSC","AIS","BUS"
2016,"PSY",NA,NA,"HEALT","HUSVC","ARTDE"
2016,"HIS",NA,NA,"NATSC",NA,NA
2016,"EDIND",NA,NA,"SPA",NA,NA
2016,"EXPH",NA,NA,"PSY","HPPT",NA
2016,"PSY",NA,NA,"CRIJU","NATSC",NA
2016,"MATPH",NA,NA,"FRE","CSC","PSY"
2016,"BUS","POE",NA,"NATSC","SPA",NA
2016,"PSY",NA,NA,"SPA","HUBIO","HUSVC"
2016,"BIO",NA,NA,"HPMED",NA,NA
2016,"HPER",NA,NA,"COA","PSY",NA
2016,"BUS",NA,NA,"SPA","PSY","PEEDU"
2016,"PEX",NA,NA,"PSY","ARTDE","HPPT"
2016,"BIO",NA,NA,"HPMED","ATH","ARTDE"
2016,"CHE",NA,NA,"PSY","NATSK","RELST"
2016,"THE",NA,NA,"BRITS","BIO","SPERH"
2016,"ENVST",NA,NA,"NATSK",NA,NA
2016,"HEA",NA,NA,"HPMED","PSY",NA
2016,"EDIND","HIS",NA,"AIS",NA,NA
2016,"ENVST",NA,NA,"POLAW","NATSC","CHE"
2016,"HEA",NA,NA,"PSY","RELST","HUSVC"
2016,"HEA","SPA",NA,"HPMED",NA,NA
2016,"HPER",NA,NA,"RELST","PSY","COA"
2016,"MATPH",NA,NA,"CSC","ELIT","BRITS"
2016,"ART",NA,NA,"HIS","NATSC","LSPB"
2016,"ATH",NA,NA,"RELST","HEALT","LSPC"
2016,"BIO",NA,NA,"HPMED","REL","PSY"
2016,"MATCS",NA,NA,"AIS","RELST",NA
2016,"BIO",NA,NA,"PSY",NA,NA
2016,"BUS",NA,NA,"NATSC","HIS","ARTDE"
2016,"IPE",NA,NA,"NATSC","PHI","SPERH"
2016,"PHE",NA,NA,"HIS","COA","RELST"
2016,"PSY",NA,NA,"SPA","BIO","HPMED"
2016,"PSY",NA,NA,"ARTDE","HUSVC","HUBIO"
2016,"BUS",NA,NA,"NATSC",NA,NA
2016,"ELIT",NA,NA,"ED10","NATSC","PSY"
2016,"BUS",NA,NA,"PSY","MATAP","ENHUM"
2016,"RELST","BUS",NA,"JUDST","NATSC",NA
2016,"PSY",NA,NA,"ENV","CRIJU","FRE"
2016,"HEA",NA,NA,"PSY",NA,NA
2016,"ART",NA,NA,"NATSC","JOURN","BRITS"
2016,"ACCT",NA,NA,"ENV","CRIJU","POEC"
2016,"ENVST",NA,NA,"GERFO",NA,NA
2016,"HPER",NA,NA,"PSY","BUS",NA
2016,"BUS",NA,NA,"PSY","ARTDE","MATAP"
2016,"BUS",NA,NA,"PSY","NATSC",NA
2016,"ATH",NA,NA,"CRIJU",NA,NA
2016,"PSY",NA,NA,"POLAW","CRW","HEALT"
2016,"PSY",NA,NA,"CRIJU",NA,NA
2016,"HPER",NA,NA,"ARTDE","COA","PSY"
2016,"PSY",NA,NA,"CRIJU",NA,NA
2016,"HPER",NA,NA,"COA",NA,NA
2016,"ART",NA,NA,"PSY","FREFO",NA
2016,"HIS",NA,NA,"BUS","MAT","ELIT"
2016,"MAT","BUS",NA,"MUS","POEC",NA
2016,"HEA",NA,NA,"COA","MUS","HPRX"
2016,"EDIND",NA,NA,"REL",NA,NA
2016,"BIO",NA,NA,"MUS","PSY","HPPT"
2016,"MUSCT","BUS",NA,"NATSC","ATH",NA
2016,"IPE",NA,NA,"NATSC","BUS","ENHUM"
2016,"SPE","SPA",NA,"NATSC","PSY",NA
2016,"BUS",NA,NA,"SPA","PSY","NATSC"
2016,"EDIND",NA,NA,"MUS",NA,NA
2016,"PSY",NA,NA,"PEEDU",NA,NA
2016,"BUS","ART",NA,"POEC","NATSC",NA
2016,"BUS",NA,NA,"VSTDY","PSY","HUBIO"
2016,"HEA",NA,NA,"PSY","ENHUM","HPRX"
2016,"PSY",NA,NA,"PHI","HUBIO","LSPC"
2016,"BUS",NA,NA,"CRIJU","HIS","PEEDU"
2016,"BIO","HIS",NA,"BRITS","CLA","HPVET"
2016,"BUS",NA,NA,"PSY",NA,NA
2016,"ACCT",NA,NA,"REL","PSY","PEEDU"
2016,"ENVST","BIO",NA,"NATSK",NA,NA
2016,"ENVST","IPE",NA,"SPA","POLAW",NA
2016,"BUS",NA,NA,"PSY","ARTDE","MATAP"
2016,"ATH",NA,NA,"RELST",NA,NA
2016,"PSY",NA,NA,"CHEAN","ARTDE","PHSCI"
2016,"PSY",NA,NA,"NATSC","VSTDY","BUS"
2016,"BIO",NA,NA,"PSY","VSTDY","HPVET"
2016,"BIO",NA,NA,"BUS","ARTDE","PSY"
2016,"PHE",NA,NA,"ED10","PSY","ARTDE"
2016,"PSY",NA,NA,"SPA","NATSC","POLAW"
2016,"BIO","HEA",NA,"MUS","PSY","HPMED"
2016,"BIO",NA,NA,"HPMED","ENHUM","HIS"
2016,"ENVST",NA,NA,"BUS",NA,NA
2016,"BIO",NA,NA,"SPA","ATH","HPOCC"
2016,"MATPH",NA,NA,"PSY","RELST","DUENG"
2016,"BUS",NA,NA,"CRIJU","NATSC","PSY"
2016,"PSY",NA,NA,"BUS","RELST","NATSC"
2016,"PSY",NA,NA,"HEALT","PHI","HUSVC"
2016,"PHE",NA,NA,"COA","HIS",NA
2016,"IPE",NA,NA,"PHI","BUS","CSD"
2016,"ATH",NA,NA,"SPA","PHSCI","BUS"
2016,"BUS",NA,NA,"SPA",NA,NA
2017,"CHE",NA,NA,"AIS","PSY","DUENG"
2017,"BIO",NA,NA,"HPOCC","PSY",NA
2017,"PSY",NA,NA,"HEPRO",NA,NA
2017,"BIO",NA,NA,"JOURN","SPA","POEC"
2017,"HEA",NA,NA,"HPPA",NA,NA
2017,"BIO",NA,NA,"HPDEN",NA,NA
2017,"ACCT",NA,NA,"NATSC","CRIJU","HIS"
2017,"HIS",NA,NA,"PEEDU","COA",NA
2017,"IPE",NA,NA,"REL","NATSC","FREFO"
2017,"MATPH",NA,NA,"DUENG","ARTDE","PSY"
2017,"PSY",NA,NA,"PHI","HUSVC","NATSC"
2017,"PSY",NA,NA,"PHI","HUBIO","SPERH"
2017,"PSY","SPA",NA,"LSPB","NATSC",NA
2017,"ENVST",NA,NA,"",NA,NA
2017,"MATPH",NA,NA,"PSY","DUENG",NA
2016,"BIO",NA,NA,"HPMED","SPA","PSY"
2016,"PEX",NA,NA,"PSY","VSTDY","LSPB"
2016,"MUS",NA,NA,"PSY","HEALT","HUSVC"
2016,"PSY",NA,NA,"CRIJU",NA,NA
2016,"HEA",NA,NA,"SPA","PSY","HPPA"
2016,"HEA",NA,NA,"PSY",NA,NA
2017,"PSY",NA,NA,"CRIJU","NATSC","SPA"
2017,"HPER",NA,NA,"PSY",NA,NA
2017,"THE","ART",NA,"ATH","NATSC","NATSK"
2017,"MATPH",NA,NA,"HIS","CHEAN","ARTDE"
2017,"MATPH",NA,NA,"BUS","PHI","ATH"
2017,"HEA",NA,NA,"PSY","SPA","BUS"
2017,"EDIND",NA,NA,"SPA","EDLIT",NA
2017,"BUS","SPA",NA,"LAS","NATSC",NA
2017,"PSY",NA,NA,"NATSC","RELST","HUSVC"
2017,"HPER",NA,NA,"COA","RELST","PSY"
2017,"HPER",NA,NA,"SPA","PSY","COA"
2017,"PSY",NA,NA,"CRIJU",NA,NA
2017,"HIS",NA,NA,"ED10","NATSC","ENHUM"
2017,"EXPH","BUS",NA,"SPA","PSY",NA
2017,"PSY",NA,NA,"BUS","BIO","SPA"
2017,"HPER",NA,NA,"COA","HIS",NA
2017,"BUS",NA,NA,"PEEDU","PHI","PSY"
2017,"BIO",NA,NA,"PSY","HPMED",NA
2017,"HPER",NA,NA,"PSY","HPPT","RELST"
2017,"EDIND",NA,NA,"",NA,NA
2017,"HIS",NA,NA,"ELIT","NATSC","FREFO"
2017,"ACCT",NA,NA,"POEC","SPA","PEEDU"
2017,"CHE",NA,NA,"PSY","VSTDY","HPRX"
2017,"HEA",NA,NA,"PSY","HPPT",NA
2017,"RELST","HIS",NA,"BUS","NATSC",NA
2017,"THE",NA,NA,"ATH",NA,NA
2017,"MATCS",NA,NA,"",NA,NA
2017,"HIS",NA,NA,"COA","PEEDU",NA
2017,"CHE","PSY",NA,"",NA,NA
2017,"BUS",NA,NA,"POEC","PHI",NA
2017,"HEA",NA,NA,"PSY","SPA","HPPT"
2017,"MUSCT",NA,NA,"VSTDY","ENV","BUS"
2017,"HEA",NA,NA,"PHI","HPPA",NA
2017,"BIO",NA,NA,"PSY","SPA","HPPA"
2017,"MATPH","ENVST",NA,"NATSK",NA,NA
2017,"HPER","SPA",NA,"HPOCC","PSY",NA
2017,"EXPH",NA,NA,"PSY","COA","SPA"
2017,"BUS",NA,NA,"ARTDE","CSD","VSTDY"
2017,"ENVST","PHI","POE","POLAW",NA,NA
2017,"BUS",NA,NA,"PSY","PHI","PEEDU"
2017,"PHI","POE",NA,"NATSC","SPERH",NA
2017,"PSY",NA,NA,"HUBIO","POLAW","PHI"
2017,"BUS",NA,NA,"MATAP","POEC","SPA"
2017,"PSY",NA,NA,"MUS","BUS","PEEDU"
2017,"BUS",NA,NA,"HIS",NA,NA
2017,"EDIND",NA,NA,"SPA","PSY",NA
2017,"BUS",NA,NA,"MUS","PEEDU","CRIJU"
2017,"EDIND",NA,NA,"ARTDE",NA,NA
2017,"BUS",NA,NA,"ARTDE","AIS","CSD"
2017,"PSY",NA,NA,"BUS","SPA","PEEDU"
2017,"POE",NA,NA,"POLAW","SPA","NATSC"
2017,"ELIT",NA,NA,"PSY","FREFO","HUBIO"
2017,"BUS",NA,NA,"CRW","HIS","NATSC"
2017,"HEA",NA,NA,"RELST","HPPT",NA
2017,"HIS",NA,NA,"MUS","ENV","HUSVC"
2017,"EXPH",NA,NA,"COA","PSY","ARTDE"
2017,"BIO",NA,NA,"RELST","BUS","PSY"
2017,"HPER",NA,NA,"RELST","PSY","COA"
2017,"BUS",NA,NA,"SPA","HIS",NA
2017,"BIO",NA,NA,"MUS","POEC","HPMED"
2017,"PHI",NA,NA,"CHE","SPERH","POEC"
2017,"MATPH",NA,NA,"HIS","RELST","CHEAN"
2017,"ENVST",NA,NA,"JOURN",NA,NA
2017,"CHE",NA,NA,"MUS","BUS","HIS"
2017,"BUS",NA,NA,"PSY",NA,NA
2017,"PSY",NA,NA,"HUBIO","BUS","MUS"
2017,"MUSCT",NA,NA,"MUSPE",NA,NA
2017,"BUS",NA,NA,"ATH",NA,NA
2017,"PHE",NA,NA,"COA","PSY","CRIJU"
2017,"ACCT",NA,NA,"LSP10",NA,NA
2017,"HEA","PSY",NA,"RELST","HPMED",NA
2017,"HEA","SPA",NA,"HPPA","PSY",NA
2017,"BUS",NA,NA,"PEEDU","CRIJU","PSY"
2017,"HEA",NA,NA,"RELST","PSY","HPPA"
2017,"BUS",NA,NA,"HUBIO","PSY","ARTDE"
2017,"HEA",NA,NA,"HPPA",NA,NA
2017,"ART",NA,NA,"PSY","PEEDU","JOURN"
2017,"HPER",NA,NA,"COA","PSY","PEEDU"
2017,"BIO",NA,NA,"SPA","PSY","NATSK"
2017,"BUS",NA,NA,"ENV","CRIJU","POEC"
2017,"MATCS",NA,NA,"PSY","ARTDE",NA
2017,"ELIT",NA,NA,"PSY","ENV","JOURN"
2017,"PSY",NA,NA,"VSTDY","PEEDU","ED10"
2017,"PHE",NA,NA,"ARTDE","PSY","COA"
2017,"PSY","MUS",NA,"HUBIO","JOURN",NA
2017,"PSY",NA,NA,"PEEDU","COA","CRW"
2017,"PSY",NA,NA,"CRW","PEEDU","COA"
2017,"BUS","POE",NA,"CRIJU","MATAP",NA
2017,"PSY",NA,NA,"BUS","CRIJU","PEEDU"
2017,"CHE",NA,NA,"PSY","ENHUM","BUS"
2017,"ELIT",NA,NA,"SPERH","NATSC","BRITS"
2017,"HIS",NA,NA,"FRE","NATSC","BUS"
2017,"HEA",NA,NA,"PSY","HPDEN","RELST"
2017,"PSY",NA,NA,"CRIJU","HUBIO","BUS"
2017,"BIO",NA,NA,"SPA","PSY","HPMED"
2017,"MATPH","ENVST",NA,"NATSK",NA,NA
2017,"MUSCT","BUS",NA,"VSTDY","NATSC",NA
2017,"ENVST",NA,NA,"COMM",NA,NA
2017,"PSY","ATH",NA,"CRIJU","HUBIO","ARTDE"
2017,"HEA",NA,NA,"ARTDE","HPPT",NA
2017,"PSY",NA,NA,"MUS","CRIJU","HUBIO"
2017,"PSY",NA,NA,"COA","HEPRO",NA
2017,"HIS",NA,NA,"CRIJU","HEALT","LSPB"
2017,"BUS",NA,NA,"AIS","PSY","MATAP"
2017,"HEA",NA,NA,"PSY","HPMED","PHI"
2017,"HEA",NA,NA,"BIO","HPVET","SPA"
2017,"BUS",NA,NA,"SPA","PSY","PHSCI"
2017,"MATCS",NA,NA,"PSY","CRIJU",NA
2017,"MATCS",NA,NA,"PSY","SPA",NA
2017,"CRW",NA,NA,"VSTDY","BUS","NATSC"
2017,"THE",NA,NA,"BRITS","NATSC","BUS"
2017,"THE",NA,NA,"PSY","CSD","BUS"
2017,"PEX",NA,NA,"ARTDE","PSY","HPOCC"
2017,"PSY",NA,NA,"HUBIO","LSPB","RELST"
2017,"HPER",NA,NA,"PSY","PHI","HPPT"
2017,"PSY","BIO",NA,"SPA","HPMED",NA
2017,"PEX",NA,NA,"ARTDE","PSY","BUS"
2017,"HIS",NA,NA,"ED10","JUDST",NA
2017,"BIO","ART",NA,"PSY","CHEAN",NA
2017,"HPER",NA,NA,"COA","PSY",NA
2017,"EXPH",NA,NA,"COA","SPA","PSY"
2017,"CHE",NA,NA,"ARTDE","BUS","POEC"
2017,"HIS",NA,NA,"ARTDE","POLAW","NATSC"
2017,"ENVST","IPE",NA,"BUS",NA,NA
2017,"MUS","PSY",NA,"NATSC","MUSPE",NA
2017,"ELIT",NA,NA,"PSY","NATSC","SPA"
2017,"PSY",NA,NA,"COA",NA,NA
2017,"BUS",NA,NA,"PSY","RELST","PEEDU"
2017,"EDIND",NA,NA,"SPA",NA,NA
2017,"HEA",NA,NA,"PSY","VSTDY","HPMED"
2017,"PSY","PHE",NA,"COA","RELST",NA
2017,"BIO","PSY",NA,"HPMED","MUS",NA
2017,"MATPH","CHE",NA,"PHI","HIS","CSC"
2017,"BUS","SPA",NA,"PSY","NATSC",NA
2017,"ENVST","BIO",NA,"BUS",NA,NA
2017,"EXPH",NA,NA,"RELST","PSY","HPPT"
2017,"CHE",NA,NA,"SPA","CRIJU","CSC"
2017,"ENVST",NA,NA,"BUS",NA,NA
2017,"HPER",NA,NA,"SPA","PSY","BUS"
2017,"HIS",NA,NA,"BUS","POINT","RELST"
2017,"HIS",NA,NA,"ED10","MATAP","VSTDY"
2017,"PSY","BUS",NA,"HEALT","SPA",NA
2017,"ATH",NA,NA,"SPA","HUSVC","NATSC"
2017,"HPER",NA,NA,"PSY","COA",NA
2017,"HEA",NA,NA,"PHI","PSY","BIO"
2017,"BIO","SPA",NA,"LAS","HPMED",NA
2017,"POE",NA,NA,"NATSC","BUS","ENHUM"
2017,"CRW",NA,NA,"PSY",NA,NA
2017,"EXPH",NA,NA,"COA","PSY",NA
2017,"PSY",NA,NA,"RELST","HUBIO","HUSVC"
2017,"CHE",NA,NA,"HPMED","POEC","SPA"
2017,"CHE",NA,NA,"CRIJU","HPMED","PSYLG"
2017,"MATCS",NA,NA,"",NA,NA
2017,"EXPH",NA,NA,"SPA","PSY","BUS"
2017,"MUS",NA,NA,"VSTDY","LSPB","NATSC"
2017,"HPER",NA,NA,"SPA",NA,NA
2017,"PSY",NA,NA,"BUS","BIO","PHI"
2017,"BUS",NA,NA,"PSY","HPER","VSTDY"
2017,"IPE",NA,NA,"SPERH","NATSC","FRE"
2017,"HPER",NA,NA,"PSY","HUSVC","ARTDE"
2017,"ATH",NA,NA,"HUSVC",NA,NA
2017,"BIO",NA,NA,"PSY","NATSK","ARTDE"
2017,"BIO",NA,NA,"HPMED","PSY","CRIJU"
2017,"HPER",NA,NA,"COA","POEC","AIS"
2017,"PSY",NA,NA,"CRIJU","ARTDE","HUBIO"
2017,"HEA","PSY",NA,"BUS",NA,NA
2017,"MATPH",NA,NA,"POEC","DUENG","ARTDE"
2017,"IPE",NA,NA,"NATSC","SPERH","RELST"
2017,"MATCS",NA,NA,"CRW","PSY",NA
2017,"HEA",NA,NA,"BRITS","HPMED","PSY"
2017,"HPER",NA,NA,"HPPT",NA,NA
2017,"BUS",NA,NA,"SPA","PSY","MATAP"
2017,"BIO",NA,NA,"PSY","ARTDE","HPVET"
2017,"EDIND",NA,NA,"",NA,NA
2017,"BUS",NA,NA,"PEEDU","VSTDY","ATH"
2017,"BUMDM",NA,NA,"ATH","PEEDU",NA
2017,"IPE",NA,NA,"SPA","HUSVC","NATSC"
2017,"CHE","MATPH",NA,"CRW","BIO","HPMED"
2017,"HEA",NA,NA,"SPA","PSY","HPPA"
2017,"BIO",NA,NA,"SPA","PSY","HPPT"
2017,"CRW","RELST",NA,"VSTDY","NATSC","JOURN"
2017,"MAT",NA,NA,"CSC","FRE","PSY"
2017,"HPER",NA,NA,"SPA","BUS","PSY"
2017,"ENVST",NA,NA,"CRW","FREFO",NA
2017,"PSY",NA,NA,"AIS","HUSVC",NA
2017,"PHI","POE",NA,"JOURN","NATSC",NA
2017,"BUS",NA,NA,"HIS","NATSC","RELST"
2017,"HEA",NA,NA,"SPA","HUSVC","ATH"
2017,"CHE","MATPH",NA,"BUS","CRW","PSY"
2017,"HIS",NA,NA,"ARTDE","NATSC","LSPB"
2017,"BIO",NA,NA,"HIS","THE","HPMED"
2017,"HEA",NA,NA,"PSY","HPMED","RELST"
2017,"HEA",NA,NA,"ARTDE","ATH","BUS"
2017,"PSY",NA,NA,"COA","PEEDU",NA
2017,"PSY",NA,NA,"COA",NA,NA
2017,"BUS",NA,NA,"PSY","VSTDY","PEEDU"
2018,"ENVST",NA,NA,"JOURN",NA,NA
2018,"EXPH",NA,NA,"COA",NA,NA
2018,"HPER",NA,NA,"PSY",NA,NA
2018,"BUS",NA,NA,"FRE","POEC","MATAP"
2018,"BUS",NA,NA,"VSTDY","PSY","HUBIO"
2018,"PHE",NA,NA,"COA","PSY","CRIJU"
2018,"MAT",NA,NA,"BUS","POEC","FRE"
2018,"BUS",NA,NA,"PSY","VSTDY","NATSC"
2018,"HPER",NA,NA,"COA","SPA","PSY"
2017,"ENVST",NA,NA,"",NA,NA
2017,"MATCS",NA,NA,"PSY","VSTDY",NA
2017,"ACCT",NA,NA,"VSTDY","NATSC","PSY"
2017,"HEA",NA,NA,"SPA","PSY","HPMED"
2017,"IPE",NA,NA,"BUS","NATSC","RELST"
2017,"PHARM",NA,NA,"VSTDY","ARTDE",NA
2017,"PHE",NA,NA,"ENV","ARTDE","COA"
